"tau","rmst_control","rmst_treatment","delta_rmst"
8,5.91633866021086,4.95911549769225,-0.957223162518606
20,9.82595648830289,9.59193718979163,-0.234019298511253
